[
  {
    "id": "cf3dd85e-265b-400f-8e40-6450690c0ab5",
    "data": [
      {
        "text": "good practices to follow for ",
        "userDefined": false
      },
      {
        "text": "covid-19",
        "alias": "virus-name",
        "meta": "@virus-name",
        "userDefined": false
      }
    ],
    "isTemplate": false,
    "count": 0,
    "updated": 0
  },
  {
    "id": "9f656b35-b45b-4237-b430-81deabf27d20",
    "data": [
      {
        "text": "good practices to follow for ",
        "userDefined": false
      },
      {
        "text": "covid 19",
        "alias": "virus-name",
        "meta": "@virus-name",
        "userDefined": false
      }
    ],
    "isTemplate": false,
    "count": 0,
    "updated": 0
  },
  {
    "id": "94655549-d23b-4e11-951a-3436cc520be5",
    "data": [
      {
        "text": "good practices to follow",
        "userDefined": false
      }
    ],
    "isTemplate": false,
    "count": 0,
    "updated": 0
  },
  {
    "id": "5bb08867-8129-46bf-bfff-a44003aeb588",
    "data": [
      {
        "text": "good practices",
        "userDefined": false
      }
    ],
    "isTemplate": false,
    "count": 0,
    "updated": 0
  },
  {
    "id": "012783df-da3d-48d3-99ef-aae03dd6e4bb",
    "data": [
      {
        "text": "tips for ",
        "userDefined": false
      },
      {
        "text": "covid-19",
        "alias": "virus-name",
        "meta": "@virus-name",
        "userDefined": false
      }
    ],
    "isTemplate": false,
    "count": 0,
    "updated": 0
  },
  {
    "id": "990cd7cd-a3a4-42b3-9d86-ab833531fc31",
    "data": [
      {
        "text": "tips for ",
        "userDefined": false
      },
      {
        "text": "covid 19",
        "alias": "virus-name",
        "meta": "@virus-name",
        "userDefined": false
      }
    ],
    "isTemplate": false,
    "count": 0,
    "updated": 0
  },
  {
    "id": "26b8ab67-d4b4-41c6-b7cc-2bf5e7bcc918",
    "data": [
      {
        "text": "tips",
        "userDefined": false
      }
    ],
    "isTemplate": false,
    "count": 0,
    "updated": 0
  },
  {
    "id": "b772b22a-470f-4ebd-8728-288cf7ef7c77",
    "data": [
      {
        "text": "advisory on ",
        "userDefined": false
      },
      {
        "text": "COVID 19",
        "alias": "virus-name",
        "meta": "@virus-name",
        "userDefined": false
      }
    ],
    "isTemplate": false,
    "count": 0,
    "updated": 0
  },
  {
    "id": "a6e401ba-2465-408a-9edb-7861ad1ab4fc",
    "data": [
      {
        "text": "advisory on ",
        "userDefined": false
      },
      {
        "text": "COVID-19",
        "alias": "virus-name",
        "meta": "@virus-name",
        "userDefined": false
      }
    ],
    "isTemplate": false,
    "count": 0,
    "updated": 0
  },
  {
    "id": "1ef1bf6a-993d-4787-a36c-f3215c8638f5",
    "data": [
      {
        "text": "advisory",
        "userDefined": false
      }
    ],
    "isTemplate": false,
    "count": 0,
    "updated": 0
  }
]