[
  {
    "id": "f812b7d9-8ace-41f9-932d-5c2f1fcb750c",
    "data": [
      {
        "text": "i come back from overseas, do i need to quarantine myself?",
        "userDefined": false
      }
    ],
    "isTemplate": false,
    "count": 0,
    "updated": 0
  },
  {
    "id": "d4e7973b-3a49-48c4-a832-7b461755f5b4",
    "data": [
      {
        "text": "Do i get stay home notice?",
        "userDefined": false
      }
    ],
    "isTemplate": false,
    "count": 0,
    "updated": 0
  },
  {
    "id": "51a795c9-d2f4-47e3-acc7-34b3ff99583d",
    "data": [
      {
        "text": "do i need to isolate myself?",
        "userDefined": false
      }
    ],
    "isTemplate": false,
    "count": 0,
    "updated": 0
  },
  {
    "id": "84bcaafc-494a-4cb0-957e-43f26ac10eee",
    "data": [
      {
        "text": "what is the current travel ban?",
        "userDefined": false
      }
    ],
    "isTemplate": false,
    "count": 0,
    "updated": 0
  },
  {
    "id": "2b27749c-5a3c-4c40-a86f-e42f5fe5692f",
    "data": [
      {
        "text": "Can i go out of ",
        "userDefined": false
      },
      {
        "text": "singapore",
        "alias": "country-defined",
        "meta": "@country-defined",
        "userDefined": false
      },
      {
        "text": "?",
        "userDefined": false
      }
    ],
    "isTemplate": false,
    "count": 0,
    "updated": 0
  },
  {
    "id": "00ef7f96-d59b-4f8d-a906-9967ff4d1fa4",
    "data": [
      {
        "text": "can i travel overseas?",
        "userDefined": false
      }
    ],
    "isTemplate": false,
    "count": 0,
    "updated": 0
  },
  {
    "id": "b827819c-7c48-4270-9a14-8c21bf382cfa",
    "data": [
      {
        "text": "what is the current border restriction?",
        "userDefined": false
      }
    ],
    "isTemplate": false,
    "count": 0,
    "updated": 0
  }
]