[
  {
    "id": "ba0d3213-6339-4959-a2c4-857a076e5e2d",
    "data": [
      {
        "text": "i want to speak to your manager",
        "userDefined": false
      }
    ],
    "isTemplate": false,
    "count": 0,
    "updated": 0
  },
  {
    "id": "8c64e1ae-21ac-4ed3-be53-02797498f1e5",
    "data": [
      {
        "text": "reach out",
        "userDefined": false
      }
    ],
    "isTemplate": false,
    "count": 0,
    "updated": 0
  },
  {
    "id": "52f781ea-c1b4-4681-bf6b-c1eee6ed8dde",
    "data": [
      {
        "text": "I would like to leave comment",
        "userDefined": false
      }
    ],
    "isTemplate": false,
    "count": 0,
    "updated": 0
  },
  {
    "id": "e4a01214-8549-48f5-a604-d9ad86786ed9",
    "data": [
      {
        "text": "u r dumb",
        "userDefined": false
      }
    ],
    "isTemplate": false,
    "count": 0,
    "updated": 0
  },
  {
    "id": "bff69fda-54ab-49f8-9052-b7a693d054a3",
    "data": [
      {
        "text": "you are stupid",
        "userDefined": false
      }
    ],
    "isTemplate": false,
    "count": 0,
    "updated": 0
  },
  {
    "id": "70637dcb-9f45-4805-9042-04c756c4d3fe",
    "data": [
      {
        "text": "you are doing great",
        "userDefined": false
      }
    ],
    "isTemplate": false,
    "count": 0,
    "updated": 0
  },
  {
    "id": "e9f8b3c4-98c8-4449-888d-35a64efc9c42",
    "data": [
      {
        "text": "I want to feedback",
        "userDefined": false
      }
    ],
    "isTemplate": false,
    "count": 0,
    "updated": 0
  },
  {
    "id": "081a5b06-c0bb-4ca0-bf4a-346af5e1cae7",
    "data": [
      {
        "text": "feedback",
        "userDefined": false
      }
    ],
    "isTemplate": false,
    "count": 0,
    "updated": 0
  }
]