[
  {
    "id": "c303fbda-054f-4b50-9115-02f9faca6c73",
    "data": [
      {
        "text": "bai",
        "userDefined": false
      }
    ],
    "isTemplate": false,
    "count": 0,
    "updated": 0
  },
  {
    "id": "7b4e9399-e078-4c94-a385-6d64b00b2a3c",
    "data": [
      {
        "text": "bye",
        "meta": "@sys.ignore",
        "userDefined": false
      }
    ],
    "isTemplate": false,
    "count": 0,
    "updated": 0
  },
  {
    "id": "35d619ae-c242-42b3-aaa3-0c86eaaf9e9f",
    "data": [
      {
        "text": "goodbye",
        "userDefined": false
      }
    ],
    "isTemplate": false,
    "count": 0,
    "updated": 0
  },
  {
    "id": "6ca24d2c-b9c7-4d66-893b-f9114f09a740",
    "data": [
      {
        "text": "good bye",
        "userDefined": false
      }
    ],
    "isTemplate": false,
    "count": 0,
    "updated": 0
  },
  {
    "id": "0fed8e3f-9f53-484b-b200-1703b0a53874",
    "data": [
      {
        "text": "thanks",
        "userDefined": false
      }
    ],
    "isTemplate": false,
    "count": 0,
    "updated": 0
  }
]