[
  {
    "id": "1d6f4997-fa58-479b-9e46-07dd054b94bf",
    "data": [
      {
        "text": "how is the ",
        "userDefined": false
      },
      {
        "text": "virus",
        "alias": "virus-name",
        "meta": "@virus-name",
        "userDefined": false
      },
      {
        "text": " being ",
        "userDefined": false
      },
      {
        "text": "diagnosed",
        "alias": "CaseStatus",
        "meta": "@CaseStatus",
        "userDefined": false
      },
      {
        "text": " by doctor",
        "userDefined": false
      }
    ],
    "isTemplate": false,
    "count": 0,
    "updated": 0
  },
  {
    "id": "c6ea0a4c-98ac-487a-884f-fa9515210cc6",
    "data": [
      {
        "text": "howTest",
        "userDefined": false
      }
    ],
    "isTemplate": false,
    "count": 0,
    "updated": 0
  },
  {
    "id": "849b7b05-04ad-4228-9474-d20370fbade7",
    "data": [
      {
        "text": "how is ",
        "userDefined": false
      },
      {
        "text": "covid 19",
        "meta": "@sys.ignore",
        "userDefined": false
      },
      {
        "text": " tested",
        "userDefined": false
      }
    ],
    "isTemplate": false,
    "count": 0,
    "updated": 0
  },
  {
    "id": "26b134f2-ebc1-4448-be01-065860fcf40f",
    "data": [
      {
        "text": "how is ",
        "userDefined": false
      },
      {
        "text": "covid-19",
        "alias": "virus-name",
        "meta": "@virus-name",
        "userDefined": false
      },
      {
        "text": " tested",
        "userDefined": false
      }
    ],
    "isTemplate": false,
    "count": 0,
    "updated": 0
  },
  {
    "id": "11cefe09-51ac-4361-97d2-877f3d588842",
    "data": [
      {
        "text": "how to test ",
        "userDefined": false
      },
      {
        "text": "covid",
        "alias": "virus-name",
        "meta": "@virus-name",
        "userDefined": false
      }
    ],
    "isTemplate": false,
    "count": 1,
    "updated": 0
  },
  {
    "id": "73e8de5f-d8ac-43ae-a07c-d6c4e2e17651",
    "data": [
      {
        "text": "how is ",
        "userDefined": false
      },
      {
        "text": "covid",
        "alias": "virus-name",
        "meta": "@virus-name",
        "userDefined": true
      },
      {
        "text": " being detected?",
        "userDefined": false
      }
    ],
    "isTemplate": false,
    "count": 2,
    "updated": 0
  },
  {
    "id": "44f04643-da1a-402b-9f47-9509c43dd270",
    "data": [
      {
        "text": "how is ",
        "userDefined": false
      },
      {
        "text": "covid",
        "alias": "virus-name",
        "meta": "@virus-name",
        "userDefined": true
      },
      {
        "text": " detected",
        "userDefined": false
      }
    ],
    "isTemplate": false,
    "count": 2,
    "updated": 0
  },
  {
    "id": "7fec9a20-e0e1-4d8e-b8f8-4c2646dcb6d8",
    "data": [
      {
        "text": "how is ",
        "userDefined": false
      },
      {
        "text": "covid",
        "alias": "virus-name",
        "meta": "@virus-name",
        "userDefined": false
      },
      {
        "text": " being detected",
        "userDefined": false
      }
    ],
    "isTemplate": false,
    "count": 0,
    "updated": 0
  },
  {
    "id": "80d8ae6d-e212-4b47-b658-4008338c5c52",
    "data": [
      {
        "text": "what is the ",
        "userDefined": false
      },
      {
        "text": "diagnosis",
        "alias": "CaseStatus",
        "meta": "@CaseStatus",
        "userDefined": true
      },
      {
        "text": " of ",
        "userDefined": false
      },
      {
        "text": "covid",
        "alias": "virus-name",
        "meta": "@virus-name",
        "userDefined": false
      }
    ],
    "isTemplate": false,
    "count": 0,
    "updated": 0
  },
  {
    "id": "322ad09b-8231-4a29-99b8-b05c8fe0a15d",
    "data": [
      {
        "text": "how to ",
        "userDefined": false
      },
      {
        "text": "diagnose",
        "alias": "CaseStatus",
        "meta": "@CaseStatus",
        "userDefined": true
      },
      {
        "text": " ",
        "userDefined": false
      },
      {
        "text": "covid",
        "alias": "virus-name",
        "meta": "@virus-name",
        "userDefined": false
      }
    ],
    "isTemplate": false,
    "count": 0,
    "updated": 0
  },
  {
    "id": "6f2faaa7-0226-4b6b-97d2-28e216ac29bb",
    "data": [
      {
        "text": "how are ",
        "userDefined": false
      },
      {
        "text": "coronaviruses",
        "alias": "virus-name",
        "meta": "@virus-name",
        "userDefined": false
      },
      {
        "text": " ",
        "userDefined": false
      },
      {
        "text": "diagnosed",
        "alias": "CaseStatus",
        "meta": "@CaseStatus",
        "userDefined": false
      }
    ],
    "isTemplate": false,
    "count": 0,
    "updated": 0
  }
]