[
  {
    "id": "c08778ac-636f-4cb1-a4d6-e258e17cac1f",
    "data": [
      {
        "text": "news",
        "userDefined": false
      }
    ],
    "isTemplate": false,
    "count": 0,
    "updated": 0
  },
  {
    "id": "e08fc175-1882-41a9-8af5-7cd46765d001",
    "data": [
      {
        "text": "new news",
        "userDefined": false
      }
    ],
    "isTemplate": false,
    "count": 0,
    "updated": 0
  },
  {
    "id": "64127c1d-c4b7-4f8a-93c6-e1cf3c2e8be3",
    "data": [
      {
        "text": "latest report from MOH",
        "userDefined": false
      }
    ],
    "isTemplate": false,
    "count": 0,
    "updated": 0
  },
  {
    "id": "9fc9ebd0-88c2-45df-a31b-868eeeb015cd",
    "data": [
      {
        "text": "what are the latest updates",
        "userDefined": false
      }
    ],
    "isTemplate": false,
    "count": 0,
    "updated": 0
  },
  {
    "id": "e2de6d2f-0b5b-4a9b-8113-704fe77bc2f5",
    "data": [
      {
        "text": "latest news from MOH",
        "userDefined": false
      }
    ],
    "isTemplate": false,
    "count": 0,
    "updated": 0
  },
  {
    "id": "9316109e-046f-48ba-8c39-e7e09df3e324",
    "data": [
      {
        "text": "what is the latest news",
        "userDefined": false
      }
    ],
    "isTemplate": false,
    "count": 0,
    "updated": 0
  }
]