[
  {
    "id": "af15d142-9ca1-4e5b-b8af-20d3cde82237",
    "data": [
      {
        "text": "/",
        "userDefined": false
      },
      {
        "text": "stats",
        "alias": "casestatus",
        "meta": "@CaseStatus",
        "userDefined": false
      }
    ],
    "isTemplate": false,
    "count": 2,
    "updated": 0
  },
  {
    "id": "3d4dc9e8-6d1b-4ed6-8140-3de953fe4604",
    "data": [
      {
        "text": "statistics on ",
        "userDefined": false
      },
      {
        "text": "covid-19",
        "alias": "virus-name",
        "meta": "@virus-name",
        "userDefined": false
      }
    ],
    "isTemplate": false,
    "count": 0,
    "updated": 0
  },
  {
    "id": "f081e180-104d-4728-8fe6-456d0a14f3af",
    "data": [
      {
        "text": "statistics on  ",
        "userDefined": false
      },
      {
        "text": "covid 19",
        "alias": "virus-name",
        "meta": "@virus-name",
        "userDefined": false
      }
    ],
    "isTemplate": false,
    "count": 0,
    "updated": 0
  },
  {
    "id": "bc47a7d7-7a1d-4eb7-a9ef-7a55c4660161",
    "data": [
      {
        "text": "stats",
        "alias": "casestatus",
        "meta": "@CaseStatus",
        "userDefined": false
      },
      {
        "text": " on ",
        "userDefined": false
      },
      {
        "text": "covid 19",
        "alias": "virus-name",
        "meta": "@virus-name",
        "userDefined": false
      }
    ],
    "isTemplate": false,
    "count": 0,
    "updated": 0
  },
  {
    "id": "ceebac63-9ebe-4280-971e-5d73920ecee0",
    "data": [
      {
        "text": "stats",
        "alias": "casestatus",
        "meta": "@CaseStatus",
        "userDefined": false
      },
      {
        "text": " on ",
        "userDefined": false
      },
      {
        "text": "covid-19",
        "alias": "virus-name",
        "meta": "@virus-name",
        "userDefined": false
      }
    ],
    "isTemplate": false,
    "count": 0,
    "updated": 0
  },
  {
    "id": "e069c5ec-d13d-47bf-ab92-6734fcbcb99b",
    "data": [
      {
        "text": "give me some statistics",
        "userDefined": false
      }
    ],
    "isTemplate": false,
    "count": 0,
    "updated": 0
  },
  {
    "id": "00f97d21-5682-4e87-b5bf-70b38e8e305e",
    "data": [
      {
        "text": "give me some ",
        "userDefined": false
      },
      {
        "text": "stats",
        "alias": "casestatus",
        "meta": "@CaseStatus",
        "userDefined": false
      }
    ],
    "isTemplate": false,
    "count": 0,
    "updated": 0
  },
  {
    "id": "c478ff56-f8e8-4acb-a148-ee9f52d9e4e7",
    "data": [
      {
        "text": "statistics",
        "userDefined": false
      }
    ],
    "isTemplate": false,
    "count": 0,
    "updated": 0
  },
  {
    "id": "8efdcd71-e869-4e31-bb9f-936045a63040",
    "data": [
      {
        "text": "stats",
        "alias": "casestatus",
        "meta": "@CaseStatus",
        "userDefined": false
      }
    ],
    "isTemplate": false,
    "count": 0,
    "updated": 0
  }
]