[
  {
    "id": "b253c13d-33bc-476b-81bc-ef074f811a36",
    "data": [
      {
        "text": "symptoms",
        "userDefined": false
      }
    ],
    "isTemplate": false,
    "count": 0,
    "updated": 0
  },
  {
    "id": "ac30cb33-d540-4982-b5a3-1a8924ea3a1a",
    "data": [
      {
        "text": "will anything happen to me if i got ",
        "userDefined": false
      },
      {
        "text": "virus",
        "alias": "virus-name",
        "meta": "@virus-name",
        "userDefined": false
      },
      {
        "text": "?",
        "userDefined": false
      }
    ],
    "isTemplate": false,
    "count": 0,
    "updated": 0
  },
  {
    "id": "af12ad68-90d1-4a5e-b7cf-3e9ab1245fd4",
    "data": [
      {
        "text": "what will happen if i get ",
        "userDefined": false
      },
      {
        "text": "coronavirus",
        "alias": "virus-name",
        "meta": "@virus-name",
        "userDefined": false
      }
    ],
    "isTemplate": false,
    "count": 0,
    "updated": 0
  },
  {
    "id": "7859e659-a351-464e-8406-ddf5594dc657",
    "data": [
      {
        "text": "what are the common symptoms if ",
        "userDefined": false
      },
      {
        "text": "one",
        "meta": "@sys.ignore",
        "userDefined": false
      },
      {
        "text": " catches ",
        "userDefined": false
      },
      {
        "text": "virus",
        "alias": "virus-name",
        "meta": "@virus-name",
        "userDefined": false
      }
    ],
    "isTemplate": false,
    "count": 0,
    "updated": 0
  },
  {
    "id": "6546d5c3-ee65-4aaa-8a77-b2639b01fbde",
    "data": [
      {
        "text": "what are the symptoms",
        "userDefined": false
      }
    ],
    "isTemplate": false,
    "count": 0,
    "updated": 0
  },
  {
    "id": "59480bff-e70f-4d49-beb8-2a787e5c02b6",
    "data": [
      {
        "text": "What are the symptoms of ",
        "userDefined": false
      },
      {
        "text": "COVID-19",
        "alias": "virus-name",
        "meta": "@virus-name",
        "userDefined": false
      }
    ],
    "isTemplate": false,
    "count": 0,
    "updated": 0
  }
]