[
  {
    "id": "4045fca3-37d4-4a1e-966e-5b2cbc33d35d",
    "data": [
      {
        "text": "/",
        "userDefined": false
      },
      {
        "text": "treatment",
        "alias": "CaseStatus",
        "meta": "@CaseStatus",
        "userDefined": false
      }
    ],
    "isTemplate": false,
    "count": 0,
    "updated": 0
  },
  {
    "id": "8ca4f20b-ca25-4802-bdd1-8183a98b638e",
    "data": [
      {
        "text": "treatment",
        "alias": "CaseStatus",
        "meta": "@CaseStatus",
        "userDefined": false
      }
    ],
    "isTemplate": false,
    "count": 0,
    "updated": 0
  },
  {
    "id": "86c69076-d309-47ea-8b93-b2abd6c61879",
    "data": [
      {
        "text": "how is ",
        "userDefined": false
      },
      {
        "text": "covid",
        "alias": "virus-name",
        "meta": "@virus-name",
        "userDefined": false
      },
      {
        "text": " ",
        "userDefined": false
      },
      {
        "text": "treated",
        "alias": "CaseStatus",
        "meta": "@CaseStatus",
        "userDefined": false
      }
    ],
    "isTemplate": false,
    "count": 0,
    "updated": 0
  },
  {
    "id": "b322082b-3a97-42b7-8af9-fa6118dcfc90",
    "data": [
      {
        "text": "any home remedy for ",
        "userDefined": false
      },
      {
        "text": "virus",
        "alias": "virus-name",
        "meta": "@virus-name",
        "userDefined": false
      },
      {
        "text": "?",
        "userDefined": false
      }
    ],
    "isTemplate": false,
    "count": 0,
    "updated": 0
  },
  {
    "id": "a0aadc40-7416-4dd3-80b5-d8fa23f7ce8c",
    "data": [
      {
        "text": "is there vaccine for ",
        "userDefined": false
      },
      {
        "text": "covid",
        "alias": "virus-name",
        "meta": "@virus-name",
        "userDefined": false
      }
    ],
    "isTemplate": false,
    "count": 1,
    "updated": 0
  },
  {
    "id": "95044ebc-e0aa-47d5-92b4-f66b0b6ef50b",
    "data": [
      {
        "text": "is there vaccine against the ",
        "userDefined": false
      },
      {
        "text": "virus",
        "alias": "virus-name",
        "meta": "@virus-name",
        "userDefined": false
      }
    ],
    "isTemplate": false,
    "count": 0,
    "updated": 0
  },
  {
    "id": "07d1ba9f-cd3f-4bf7-b329-6b156742581b",
    "data": [
      {
        "text": "how to ",
        "userDefined": false
      },
      {
        "text": "treat",
        "alias": "CaseStatus",
        "meta": "@CaseStatus",
        "userDefined": true
      },
      {
        "text": " ",
        "userDefined": false
      },
      {
        "text": "covid",
        "alias": "virus-name",
        "meta": "@virus-name",
        "userDefined": false
      }
    ],
    "isTemplate": false,
    "count": 0,
    "updated": 0
  },
  {
    "id": "ec3b1e1b-03d3-4ccf-97da-9c495c6bc498",
    "data": [
      {
        "text": "what are the ",
        "userDefined": false
      },
      {
        "text": "treatment",
        "alias": "CaseStatus",
        "meta": "@CaseStatus",
        "userDefined": true
      },
      {
        "text": " for ",
        "userDefined": false
      },
      {
        "text": "corona virus",
        "alias": "virus-name",
        "meta": "@virus-name",
        "userDefined": false
      }
    ],
    "isTemplate": false,
    "count": 0,
    "updated": 0
  },
  {
    "id": "a0e0481c-1764-4946-ab36-dea7015fee6a",
    "data": [
      {
        "text": "how to ",
        "userDefined": false
      },
      {
        "text": "recover",
        "alias": "CaseStatus",
        "meta": "@CaseStatus",
        "userDefined": false
      },
      {
        "text": " from ",
        "userDefined": false
      },
      {
        "text": "covid19",
        "alias": "virus-name",
        "meta": "@virus-name",
        "userDefined": false
      }
    ],
    "isTemplate": false,
    "count": 0,
    "updated": 0
  }
]