[
  {
    "value": "china",
    "synonyms": [
      "china",
      "cn",
      "chinese"
    ]
  },
  {
    "value": "diamond princess",
    "synonyms": [
      "diamond princess",
      "cruise",
      "cruise ship",
      "ship",
      "japan ship"
    ]
  },
  {
    "value": "japan",
    "synonyms": [
      "japan",
      "nippon",
      "jp"
    ]
  },
  {
    "value": "singapore",
    "synonyms": [
      "singapore",
      "sgp",
      "sg"
    ]
  },
  {
    "value": "hong kong",
    "synonyms": [
      "hong kong",
      "hk",
      "cantonese"
    ]
  },
  {
    "value": "s. korea",
    "synonyms": [
      "s. korea",
      "south korea",
      "korea",
      "s korea",
      "s.korea"
    ]
  },
  {
    "value": "thailand",
    "synonyms": [
      "thailand",
      "thai"
    ]
  },
  {
    "value": "taiwan",
    "synonyms": [
      "taiwan",
      "tw"
    ]
  },
  {
    "value": "malaysia",
    "synonyms": [
      "malaysia",
      "msia"
    ]
  },
  {
    "value": "germany",
    "synonyms": [
      "germany",
      "german"
    ]
  },
  {
    "value": "vietnam",
    "synonyms": [
      "vietnam",
      "vn",
      "vietnamese"
    ]
  },
  {
    "value": "usa",
    "synonyms": [
      "usa",
      "U.S.A",
      "united state",
      "united state of america",
      "america",
      "american",
      "US"
    ]
  },
  {
    "value": "australia",
    "synonyms": [
      "australia"
    ]
  },
  {
    "value": "france",
    "synonyms": [
      "france"
    ]
  },
  {
    "value": "macao",
    "synonyms": [
      "macao",
      "macau"
    ]
  },
  {
    "value": "UAE",
    "synonyms": [
      "u.a.e.",
      "united arab emirates",
      "arab",
      "united arab",
      "uae",
      "emirates"
    ]
  },
  {
    "value": "UK",
    "synonyms": [
      "u.k.",
      "UK",
      "united kingdom",
      "uk"
    ]
  },
  {
    "value": "canada",
    "synonyms": [
      "canada"
    ]
  },
  {
    "value": "philippines",
    "synonyms": [
      "philippines",
      "phillipine",
      "Filipino"
    ]
  },
  {
    "value": "india",
    "synonyms": [
      "india",
      "indian"
    ]
  },
  {
    "value": "italy",
    "synonyms": [
      "italy"
    ]
  },
  {
    "value": "iran",
    "synonyms": [
      "iran"
    ]
  },
  {
    "value": "russia",
    "synonyms": [
      "russia"
    ]
  },
  {
    "value": "spain",
    "synonyms": [
      "spain",
      "spanish"
    ]
  },
  {
    "value": "belgium",
    "synonyms": [
      "belgium"
    ]
  },
  {
    "value": "finland",
    "synonyms": [
      "finland"
    ]
  },
  {
    "value": "egypt",
    "synonyms": [
      "egypt"
    ]
  },
  {
    "value": "sweden",
    "synonyms": [
      "sweden"
    ]
  },
  {
    "value": "nepal",
    "synonyms": [
      "nepal"
    ]
  },
  {
    "value": "sri lanka",
    "synonyms": [
      "sri lanka"
    ]
  },
  {
    "value": "europe",
    "synonyms": [
      "europe"
    ]
  },
  {
    "value": "asia",
    "synonyms": [
      "asia"
    ]
  },
  {
    "value": "n.america",
    "synonyms": [
      "n.america",
      "north america"
    ]
  },
  {
    "value": "oceania",
    "synonyms": [
      "oceania"
    ]
  },
  {
    "value": "africa",
    "synonyms": [
      "africa"
    ]
  },
  {
    "value": "indonesia",
    "synonyms": [
      "indonesia",
      "indon",
      "indo"
    ]
  },
  {
    "value": "cambodia",
    "synonyms": [
      "cambodia"
    ]
  },
  {
    "value": "Netherlands",
    "synonyms": [
      "Netherlands",
      "netherland"
    ]
  },
  {
    "value": "Norway",
    "synonyms": [
      "Norway",
      "norways"
    ]
  },
  {
    "value": "austria",
    "synonyms": [
      "austria"
    ]
  },
  {
    "value": "denmark",
    "synonyms": [
      "denmark"
    ]
  },
  {
    "value": "qatar",
    "synonyms": [
      "qatar"
    ]
  },
  {
    "value": "czechia",
    "synonyms": [
      "czechia"
    ]
  },
  {
    "value": "greece",
    "synonyms": [
      "greece"
    ]
  },
  {
    "value": "portugal",
    "synonyms": [
      "portugal"
    ]
  },
  {
    "value": "israel",
    "synonyms": [
      "israel",
      "isreal"
    ]
  },
  {
    "value": "slovenia",
    "synonyms": [
      "slovenia"
    ]
  },
  {
    "value": "bahrain",
    "synonyms": [
      "bahrain"
    ]
  },
  {
    "value": "brazil",
    "synonyms": [
      "brazil"
    ]
  },
  {
    "value": "estonia",
    "synonyms": [
      "estonia"
    ]
  },
  {
    "value": "ireland",
    "synonyms": [
      "ireland"
    ]
  },
  {
    "value": "poland",
    "synonyms": [
      "poland"
    ]
  },
  {
    "value": "iceland",
    "synonyms": [
      "iceland"
    ]
  },
  {
    "value": "pakistan",
    "synonyms": [
      "pakistan"
    ]
  },
  {
    "value": "romania",
    "synonyms": [
      "romania"
    ]
  },
  {
    "value": "chile",
    "synonyms": [
      "chile"
    ]
  },
  {
    "value": "luxembourg",
    "synonyms": [
      "luxembourg"
    ]
  },
  {
    "value": "saudi arabia",
    "synonyms": [
      "saudi arabia"
    ]
  },
  {
    "value": "kuwait",
    "synonyms": [
      "kuwait"
    ]
  },
  {
    "value": "lebanon",
    "synonyms": [
      "lebanon"
    ]
  },
  {
    "value": "san marino",
    "synonyms": [
      "san marino"
    ]
  },
  {
    "value": "peru",
    "synonyms": [
      "peru"
    ]
  },
  {
    "value": "mexico",
    "synonyms": [
      "mexico"
    ]
  },
  {
    "value": "Panama",
    "synonyms": [
      "Panama"
    ]
  },
  {
    "value": "Argentina",
    "synonyms": [
      "Argentina"
    ]
  },
  {
    "value": "Algeria",
    "synonyms": [
      "Algeria"
    ]
  },
  {
    "value": "puerto rico",
    "synonyms": [
      "puerto rico",
      "PR"
    ]
  },
  {
    "value": "maldives",
    "synonyms": [
      "maldives"
    ]
  },
  {
    "value": "new zealand",
    "synonyms": [
      "new zealand",
      "NZ",
      "nz"
    ]
  },
  {
    "value": "costa rica",
    "synonyms": [
      "costa rica"
    ]
  },
  {
    "value": "brunei",
    "synonyms": [
      "brunei"
    ]
  },
  {
    "value": "columbia",
    "synonyms": [
      "columbia"
    ]
  },
  {
    "value": "turkey",
    "synonyms": [
      "turkey"
    ]
  },
  {
    "value": "switzerland",
    "synonyms": [
      "switzerland"
    ]
  },
  {
    "value": "ecuador",
    "synonyms": [
      "ecuador"
    ]
  },
  {
    "value": "serbia",
    "synonyms": [
      "serbia"
    ]
  },
  {
    "value": "dominican republic",
    "synonyms": [
      "dominican republic"
    ]
  },
  {
    "value": "ukraine",
    "synonyms": [
      "ukraine"
    ]
  },
  {
    "value": "colombia",
    "synonyms": [
      "colombia"
    ]
  },
  {
    "value": "belarus",
    "synonyms": [
      "belarus"
    ]
  },
  {
    "value": "south africa",
    "synonyms": [
      "south africa"
    ]
  },
  {
    "value": "croatia",
    "synonyms": [
      "croatia"
    ]
  },
  {
    "value": "morocco",
    "synonyms": [
      "morocco"
    ]
  },
  {
    "value": "moldova",
    "synonyms": [
      "moldova"
    ]
  },
  {
    "value": "hungary",
    "synonyms": [
      "hungary"
    ]
  },
  {
    "value": "iraq",
    "synonyms": [
      "iraq"
    ]
  },
  {
    "value": "lithuania",
    "synonyms": [
      "lithuania"
    ]
  },
  {
    "value": "azerbaijan",
    "synonyms": [
      "azerbaijan"
    ]
  },
  {
    "value": "armenia",
    "synonyms": [
      "armenia"
    ]
  },
  {
    "value": "bosnia and herzegovina",
    "synonyms": [
      "bosnia and herzegovina"
    ]
  },
  {
    "value": "kazakhstan",
    "synonyms": [
      "kazakhstan"
    ]
  },
  {
    "value": "cameroon",
    "synonyms": [
      "cameroon"
    ]
  },
  {
    "value": "slovakia",
    "synonyms": [
      "slovakia"
    ]
  },
  {
    "value": "north macedonia",
    "synonyms": [
      "north macedonia"
    ]
  },
  {
    "value": "uzbekistan",
    "synonyms": [
      "uzbekistan"
    ]
  },
  {
    "value": "tunisia",
    "synonyms": [
      "tunisia"
    ]
  },
  {
    "value": "bulgaria",
    "synonyms": [
      "bulgaria"
    ]
  },
  {
    "value": "latvia",
    "synonyms": [
      "latvia"
    ]
  },
  {
    "value": "andorra",
    "synonyms": [
      "andorra"
    ]
  },
  {
    "value": "cyprus",
    "synonyms": [
      "cyprus"
    ]
  },
  {
    "value": "cuba",
    "synonyms": [
      "cuba"
    ]
  },
  {
    "value": "afghanistan",
    "synonyms": [
      "afghanistan"
    ]
  },
  {
    "value": "oman",
    "synonyms": [
      "oman"
    ]
  },
  {
    "value": "uruguay",
    "synonyms": [
      "uruguay"
    ]
  },
  {
    "value": "bangladesh",
    "synonyms": [
      "bangladesh"
    ]
  },
  {
    "value": "ivory coast",
    "synonyms": [
      "ivory coast"
    ]
  },
  {
    "value": "burkina faso",
    "synonyms": [
      "burkina faso"
    ]
  },
  {
    "value": "niger",
    "synonyms": [
      "niger"
    ]
  },
  {
    "value": "albania",
    "synonyms": [
      "albania"
    ]
  },
  {
    "value": "channel islands",
    "synonyms": [
      "channel islands"
    ]
  },
  {
    "value": "honduras",
    "synonyms": [
      "honduras"
    ]
  },
  {
    "value": "réunion",
    "synonyms": [
      "réunion"
    ]
  },
  {
    "value": "ghana",
    "synonyms": [
      "ghana"
    ]
  },
  {
    "value": "jordan",
    "synonyms": [
      "jordan"
    ]
  },
  {
    "value": "malta",
    "synonyms": [
      "malta"
    ]
  },
  {
    "value": "kyrgyzstan",
    "synonyms": [
      "kyrgyzstan"
    ]
  },
  {
    "value": "mauritius",
    "synonyms": [
      "mauritius"
    ]
  },
  {
    "value": "nigeria",
    "synonyms": [
      "nigeria"
    ]
  },
  {
    "value": "bolivia",
    "synonyms": [
      "bolivia"
    ]
  },
  {
    "value": "palestine",
    "synonyms": [
      "palestine"
    ]
  },
  {
    "value": "senegal",
    "synonyms": [
      "senegal"
    ]
  },
  {
    "value": "montenegro",
    "synonyms": [
      "montenegro"
    ]
  },
  {
    "value": "georgia",
    "synonyms": [
      "georgia"
    ]
  },
  {
    "value": "drc",
    "synonyms": [
      "drc"
    ]
  },
  {
    "value": "guinea",
    "synonyms": [
      "guinea"
    ]
  },
  {
    "value": "isle of man",
    "synonyms": [
      "isle of man"
    ]
  },
  {
    "value": "mayotte",
    "synonyms": [
      "mayotte"
    ]
  },
  {
    "value": "kenya",
    "synonyms": [
      "kenya"
    ]
  },
  {
    "value": "faeroe islands",
    "synonyms": [
      "faeroe islands"
    ]
  },
  {
    "value": "venezuela",
    "synonyms": [
      "venezuela"
    ]
  },
  {
    "value": "martinique",
    "synonyms": [
      "martinique"
    ]
  },
  {
    "value": "djibouti",
    "synonyms": [
      "djibouti"
    ]
  },
  {
    "value": "guadeloupe",
    "synonyms": [
      "guadeloupe"
    ]
  },
  {
    "value": "guatemala",
    "synonyms": [
      "guatemala"
    ]
  },
  {
    "value": "paraguay",
    "synonyms": [
      "paraguay"
    ]
  },
  {
    "value": "gibraltar",
    "synonyms": [
      "gibraltar"
    ]
  },
  {
    "value": "el salvador",
    "synonyms": [
      "el salvador"
    ]
  },
  {
    "value": "rwanda",
    "synonyms": [
      "rwanda"
    ]
  },
  {
    "value": "trinidad and tobago",
    "synonyms": [
      "trinidad and tobago"
    ]
  },
  {
    "value": "madagascar",
    "synonyms": [
      "madagascar"
    ]
  },
  {
    "value": "monaco",
    "synonyms": [
      "monaco"
    ]
  },
  {
    "value": "mali",
    "synonyms": [
      "mali"
    ]
  },
  {
    "value": "aruba",
    "synonyms": [
      "aruba"
    ]
  },
  {
    "value": "french guiana",
    "synonyms": [
      "french guiana"
    ]
  },
  {
    "value": "liechtenstein",
    "synonyms": [
      "liechtenstein"
    ]
  },
  {
    "value": "togo",
    "synonyms": [
      "togo"
    ]
  },
  {
    "value": "barbados",
    "synonyms": [
      "barbados"
    ]
  },
  {
    "value": "jamaica",
    "synonyms": [
      "jamaica"
    ]
  },
  {
    "value": "ethiopia",
    "synonyms": [
      "ethiopia"
    ]
  },
  {
    "value": "congo",
    "synonyms": [
      "congo"
    ]
  },
  {
    "value": "uganda",
    "synonyms": [
      "uganda"
    ]
  },
  {
    "value": "french polynesia",
    "synonyms": [
      "french polynesia"
    ]
  },
  {
    "value": "sint maarten",
    "synonyms": [
      "sint maarten"
    ]
  },
  {
    "value": "bermuda",
    "synonyms": [
      "bermuda"
    ]
  },
  {
    "value": "cayman islands",
    "synonyms": [
      "cayman islands"
    ]
  },
  {
    "value": "gabon",
    "synonyms": [
      "gabon"
    ]
  },
  {
    "value": "bahamas",
    "synonyms": [
      "bahamas"
    ]
  },
  {
    "value": "guyana",
    "synonyms": [
      "guyana"
    ]
  },
  {
    "value": "zambia",
    "synonyms": [
      "zambia"
    ]
  },
  {
    "value": "liberia",
    "synonyms": [
      "liberia"
    ]
  },
  {
    "value": "guinea-bissau",
    "synonyms": [
      "guinea-bissau"
    ]
  },
  {
    "value": "benin",
    "synonyms": [
      "benin"
    ]
  },
  {
    "value": "eritrea",
    "synonyms": [
      "eritrea"
    ]
  },
  {
    "value": "tanzania",
    "synonyms": [
      "tanzania"
    ]
  },
  {
    "value": "saint martin",
    "synonyms": [
      "saint martin"
    ]
  },
  {
    "value": "haiti",
    "synonyms": [
      "haiti"
    ]
  },
  {
    "value": "myanmar",
    "synonyms": [
      "myanmar"
    ]
  },
  {
    "value": "libya",
    "synonyms": [
      "libya"
    ]
  },
  {
    "value": "antigua and barbuda",
    "synonyms": [
      "antigua and barbuda"
    ]
  },
  {
    "value": "somalia",
    "synonyms": [
      "somalia"
    ]
  },
  {
    "value": "mozambique",
    "synonyms": [
      "mozambique"
    ]
  },
  {
    "value": "angola",
    "synonyms": [
      "angola"
    ]
  },
  {
    "value": "syria",
    "synonyms": [
      "syria"
    ]
  },
  {
    "value": "equatorial guinea",
    "synonyms": [
      "equatorial guinea"
    ]
  },
  {
    "value": "laos",
    "synonyms": [
      "laos"
    ]
  },
  {
    "value": "new caledonia",
    "synonyms": [
      "new caledonia"
    ]
  },
  {
    "value": "sudan",
    "synonyms": [
      "sudan"
    ]
  },
  {
    "value": "dominica",
    "synonyms": [
      "dominica"
    ]
  },
  {
    "value": "fiji",
    "synonyms": [
      "fiji"
    ]
  },
  {
    "value": "mongolia",
    "synonyms": [
      "mongolia"
    ]
  },
  {
    "value": "namibia",
    "synonyms": [
      "namibia"
    ]
  },
  {
    "value": "saint lucia",
    "synonyms": [
      "saint lucia"
    ]
  },
  {
    "value": "curaçao",
    "synonyms": [
      "curaçao"
    ]
  },
  {
    "value": "grenada",
    "synonyms": [
      "grenada"
    ]
  },
  {
    "value": "zimbabwe",
    "synonyms": [
      "zimbabwe"
    ]
  },
  {
    "value": "botswana",
    "synonyms": [
      "botswana"
    ]
  },
  {
    "value": "saint kitts and nevis",
    "synonyms": [
      "saint kitts and nevis"
    ]
  },
  {
    "value": "st. vincent grenadines",
    "synonyms": [
      "st. vincent grenadines"
    ]
  },
  {
    "value": "eswatini",
    "synonyms": [
      "eswatini"
    ]
  },
  {
    "value": "chad",
    "synonyms": [
      "chad"
    ]
  },
  {
    "value": "greenland",
    "synonyms": [
      "greenland"
    ]
  },
  {
    "value": "seychelles",
    "synonyms": [
      "seychelles"
    ]
  },
  {
    "value": "belize",
    "synonyms": [
      "belize"
    ]
  },
  {
    "value": "suriname",
    "synonyms": [
      "suriname"
    ]
  },
  {
    "value": "ms zaandam",
    "synonyms": [
      "ms zaandam"
    ]
  },
  {
    "value": "malawi",
    "synonyms": [
      "malawi"
    ]
  },
  {
    "value": "montserrat",
    "synonyms": [
      "montserrat"
    ]
  },
  {
    "value": "turks and caicos",
    "synonyms": [
      "turks and caicos"
    ]
  },
  {
    "value": "car",
    "synonyms": [
      "car"
    ]
  },
  {
    "value": "vatican city",
    "synonyms": [
      "vatican city"
    ]
  },
  {
    "value": "sierra leone",
    "synonyms": [
      "sierra leone"
    ]
  },
  {
    "value": "cabo verde",
    "synonyms": [
      "cabo verde"
    ]
  },
  {
    "value": "mauritania",
    "synonyms": [
      "mauritania"
    ]
  },
  {
    "value": "nicaragua",
    "synonyms": [
      "nicaragua"
    ]
  },
  {
    "value": "st. barth",
    "synonyms": [
      "st. barth"
    ]
  },
  {
    "value": "bhutan",
    "synonyms": [
      "bhutan"
    ]
  },
  {
    "value": "falkland islands",
    "synonyms": [
      "falkland islands"
    ]
  },
  {
    "value": "gambia",
    "synonyms": [
      "gambia"
    ]
  },
  {
    "value": "sao tome and principe",
    "synonyms": [
      "sao tome and principe"
    ]
  },
  {
    "value": "south sudan",
    "synonyms": [
      "south sudan"
    ]
  },
  {
    "value": "western sahara",
    "synonyms": [
      "western sahara"
    ]
  },
  {
    "value": "anguilla",
    "synonyms": [
      "anguilla"
    ]
  },
  {
    "value": "british virgin islands",
    "synonyms": [
      "british virgin islands"
    ]
  },
  {
    "value": "burundi",
    "synonyms": [
      "burundi"
    ]
  },
  {
    "value": "caribbean netherlands",
    "synonyms": [
      "caribbean netherlands"
    ]
  },
  {
    "value": "papua new guinea",
    "synonyms": [
      "papua new guinea"
    ]
  },
  {
    "value": "timor-leste",
    "synonyms": [
      "timor-leste"
    ]
  },
  {
    "value": "saint pierre miquelon",
    "synonyms": [
      "saint pierre miquelon"
    ]
  },
  {
    "value": "yemen",
    "synonyms": [
      "yemen"
    ]
  }
]